[
  {
    "id": "e48bb1b5-b501-4ad5-8c7a-dc49acaf0fec",
    "data": [
      {
        "text": "303",
        "meta": "@sys.number",
        "alias": "amount",
        "userDefined": false
      }
    ],
    "isTemplate": false,
    "count": 0,
    "lang": "en",
    "updated": 0
  },
  {
    "id": "589602c3-baff-4c7b-a089-f605ae93ddbf",
    "data": [
      {
        "text": "102",
        "meta": "@sys.number",
        "alias": "amount",
        "userDefined": false
      }
    ],
    "isTemplate": false,
    "count": 0,
    "lang": "en",
    "updated": 0
  },
  {
    "id": "dc8bd5ee-ceaf-4d27-a102-2eecbe195a55",
    "data": [
      {
        "text": "101",
        "meta": "@sys.number",
        "alias": "amount",
        "userDefined": false
      }
    ],
    "isTemplate": false,
    "count": 0,
    "lang": "en",
    "updated": 0
  },
  {
    "id": "ace50e39-78ee-4ded-bad4-cf2be5e2cf82",
    "data": [
      {
        "text": "different",
        "userDefined": false
      }
    ],
    "isTemplate": false,
    "count": 0,
    "lang": "en",
    "updated": 0
  },
  {
    "id": "e86a4031-3026-4d92-bf77-248e71117b4b",
    "data": [
      {
        "text": "2",
        "userDefined": false
      }
    ],
    "isTemplate": false,
    "count": 0,
    "lang": "en",
    "updated": 0
  },
  {
    "id": "dbc03fdf-d3ae-4516-b955-6468fe2b04ce",
    "data": [
      {
        "text": "enter",
        "userDefined": false
      }
    ],
    "isTemplate": false,
    "count": 0,
    "lang": "en",
    "updated": 0
  }
]