[
  {
    "id": "f9e031e2-c746-43d3-a91c-3450abdcc96e",
    "data": [
      {
        "text": "2142221212",
        "meta": "@sys.phone-number",
        "alias": "phoneNumber",
        "userDefined": true
      }
    ],
    "isTemplate": false,
    "count": 0,
    "lang": "en",
    "updated": 0
  },
  {
    "id": "7e583e88-abca-43b5-a87c-d4dad6828ef3",
    "data": [
      {
        "text": "(214) 222-1212",
        "meta": "@sys.phone-number",
        "alias": "phoneNumber",
        "userDefined": true
      }
    ],
    "isTemplate": false,
    "count": 0,
    "lang": "en",
    "updated": 0
  },
  {
    "id": "7af42a6c-c0f1-439f-8e55-3ac2502d2299",
    "data": [
      {
        "text": "214-222-1212",
        "meta": "@sys.phone-number",
        "alias": "phoneNumber",
        "userDefined": false
      }
    ],
    "isTemplate": false,
    "count": 0,
    "lang": "en",
    "updated": 0
  },
  {
    "id": "218e25a2-1051-4ba9-9524-be2050c439b4",
    "data": [
      {
        "text": "business",
        "meta": "@telephone_entity",
        "alias": "telephoneType",
        "userDefined": false
      }
    ],
    "isTemplate": false,
    "count": 0,
    "lang": "en",
    "updated": 0
  },
  {
    "id": "97b78437-a768-4928-9b70-d49b107d3ed1",
    "data": [
      {
        "text": "home",
        "meta": "@telephone_entity",
        "alias": "telephoneType",
        "userDefined": false
      }
    ],
    "isTemplate": false,
    "count": 0,
    "lang": "en",
    "updated": 0
  },
  {
    "id": "9bf9bd8f-6181-40d5-8451-19913f9559ba",
    "data": [
      {
        "text": "mobile",
        "meta": "@telephone_entity",
        "alias": "telephoneType",
        "userDefined": false
      }
    ],
    "isTemplate": false,
    "count": 0,
    "lang": "en",
    "updated": 0
  },
  {
    "id": "3e5efa6d-d2b1-485d-bcb4-3eef35008444",
    "data": [
      {
        "text": "1",
        "meta": "@telephone_entity",
        "alias": "telephoneType",
        "userDefined": false
      }
    ],
    "isTemplate": false,
    "count": 0,
    "lang": "en",
    "updated": 0
  },
  {
    "id": "c7a1ceba-1810-4611-8323-4c2b1339748c",
    "data": [
      {
        "text": "2",
        "meta": "@telephone_entity",
        "alias": "telephoneType",
        "userDefined": true
      }
    ],
    "isTemplate": false,
    "count": 0,
    "lang": "en",
    "updated": 0
  },
  {
    "id": "ddbeaf40-36b0-4757-9b16-87740687947f",
    "data": [
      {
        "text": "3",
        "meta": "@telephone_entity",
        "alias": "telephoneType",
        "userDefined": true
      }
    ],
    "isTemplate": false,
    "count": 0,
    "lang": "en",
    "updated": 0
  }
]