[
  {
    "id": "a9e45283-789e-4f0b-959f-315ed221ca52",
    "data": [
      {
        "text": "no",
        "userDefined": false
      }
    ],
    "isTemplate": false,
    "count": 0,
    "lang": "en",
    "updated": 0
  },
  {
    "id": "4e79fe7b-34a7-41bb-ac2c-d358789b6b8b",
    "data": [
      {
        "text": "972-555-8888",
        "meta": "@sys.phone-number",
        "alias": "ani",
        "userDefined": false
      }
    ],
    "isTemplate": false,
    "count": 1,
    "lang": "en",
    "updated": 0
  },
  {
    "id": "04ca7253-3a17-44ad-9707-139103ab01bd",
    "data": [
      {
        "text": "2145556666",
        "meta": "@sys.phone-number",
        "alias": "ani",
        "userDefined": true
      }
    ],
    "isTemplate": false,
    "count": 0,
    "lang": "en",
    "updated": 0
  }
]