[
  {
    "id": "bd7b9b8f-51cf-47e9-bf67-fad707c804fa",
    "data": [
      {
        "text": "3",
        "meta": "@service_entity",
        "alias": "service",
        "userDefined": true
      }
    ],
    "isTemplate": false,
    "count": 0,
    "lang": "en",
    "updated": 0
  },
  {
    "id": "b30436c3-513e-4b8d-8f5e-8a0130663425",
    "data": [
      {
        "text": "2",
        "meta": "@service_entity",
        "alias": "service",
        "userDefined": true
      }
    ],
    "isTemplate": false,
    "count": 0,
    "lang": "en",
    "updated": 0
  },
  {
    "id": "34b7793c-3a06-4d0c-97d2-37ba4745148c",
    "data": [
      {
        "text": "1",
        "meta": "@service_entity",
        "alias": "service",
        "userDefined": true
      }
    ],
    "isTemplate": false,
    "count": 1,
    "lang": "en",
    "updated": 0
  },
  {
    "id": "7f32e7c4-e7c1-41f0-9f6d-13fb7b5dbe51",
    "data": [
      {
        "text": "fiber",
        "meta": "@service_entity",
        "alias": "service",
        "userDefined": true
      }
    ],
    "isTemplate": false,
    "count": 0,
    "lang": "en",
    "updated": 0
  },
  {
    "id": "4cc7d784-5802-42bd-a0ef-38f6c7bf79cf",
    "data": [
      {
        "text": "electric",
        "meta": "@service_entity",
        "alias": "service",
        "userDefined": true
      }
    ],
    "isTemplate": false,
    "count": 0,
    "lang": "en",
    "updated": 0
  },
  {
    "id": "9ead37e5-fe34-4aa6-ba69-067483f44be6",
    "data": [
      {
        "text": "water",
        "meta": "@service_entity",
        "alias": "service",
        "userDefined": true
      }
    ],
    "isTemplate": false,
    "count": 0,
    "lang": "en",
    "updated": 0
  }
]