[
  {
    "id": "ecfe9c18-e362-4fc5-bc70-2a4747edbcfe",
    "data": [
      {
        "text": "9",
        "userDefined": false
      }
    ],
    "isTemplate": false,
    "count": 0,
    "lang": "en",
    "updated": 0
  },
  {
    "id": "5636fa0d-16f7-4f48-819b-fdcb89c6ab67",
    "data": [
      {
        "text": "retry",
        "userDefined": false
      }
    ],
    "isTemplate": false,
    "count": 0,
    "lang": "en",
    "updated": 0
  },
  {
    "id": "1ec408be-7963-40db-b98b-db2d86e1020b",
    "data": [
      {
        "text": "menu",
        "userDefined": false
      }
    ],
    "isTemplate": false,
    "count": 0,
    "lang": "en",
    "updated": 0
  }
]