[
  {
    "id": "0698e24d-07eb-4e6a-8f9b-ccfca47abd38",
    "data": [
      {
        "text": "3",
        "meta": "@telephone_entity",
        "alias": "telephoneType",
        "userDefined": true
      }
    ],
    "isTemplate": false,
    "count": 1,
    "lang": "en",
    "updated": 0
  },
  {
    "id": "1de4e2ff-4809-41f2-a3e6-a32647d40c89",
    "data": [
      {
        "text": "2",
        "meta": "@telephone_entity",
        "alias": "telephoneType",
        "userDefined": true
      }
    ],
    "isTemplate": false,
    "count": 0,
    "lang": "en",
    "updated": 0
  },
  {
    "id": "de813b15-8f63-4508-9501-6b6b887c41ae",
    "data": [
      {
        "text": "1",
        "meta": "@telephone_entity",
        "alias": "telephoneType",
        "userDefined": false
      }
    ],
    "isTemplate": false,
    "count": 0,
    "lang": "en",
    "updated": 0
  },
  {
    "id": "e39f1e15-9542-4df9-887f-44716cb30f49",
    "data": [
      {
        "text": "mobile",
        "meta": "@telephone_entity",
        "alias": "telephoneType",
        "userDefined": false
      }
    ],
    "isTemplate": false,
    "count": 0,
    "lang": "en",
    "updated": 0
  },
  {
    "id": "d9f5b048-1eba-4137-aeae-ffc03cc6f88a",
    "data": [
      {
        "text": "home",
        "meta": "@telephone_entity",
        "alias": "telephoneType",
        "userDefined": false
      }
    ],
    "isTemplate": false,
    "count": 0,
    "lang": "en",
    "updated": 0
  },
  {
    "id": "7b7c4e9b-192b-4087-aaa4-ac311e51e0ce",
    "data": [
      {
        "text": "business",
        "meta": "@telephone_entity",
        "alias": "telephoneType",
        "userDefined": false
      }
    ],
    "isTemplate": false,
    "count": 0,
    "lang": "en",
    "updated": 0
  },
  {
    "id": "c317368b-1807-4d78-9df2-635e5bb5fd17",
    "data": [
      {
        "text": "214-222-1212",
        "meta": "@sys.phone-number",
        "alias": "phoneNumber",
        "userDefined": false
      }
    ],
    "isTemplate": false,
    "count": 0,
    "lang": "en",
    "updated": 0
  }
]