[
  {
    "id": "482c06e2-8ec0-4a61-b5be-193fb057a202",
    "data": [
      {
        "text": "enter",
        "userDefined": false
      }
    ],
    "isTemplate": false,
    "count": 0,
    "lang": "en",
    "updated": 0
  },
  {
    "id": "185b87c6-b9a8-4f90-912b-35dfa47190f4",
    "data": [
      {
        "text": "303",
        "meta": "@sys.number",
        "alias": "amount",
        "userDefined": false
      }
    ],
    "isTemplate": false,
    "count": 0,
    "lang": "en",
    "updated": 0
  },
  {
    "id": "1a81f251-ffa6-4c44-80d0-fbb6d516eba9",
    "data": [
      {
        "text": "102",
        "meta": "@sys.number",
        "alias": "amount",
        "userDefined": false
      }
    ],
    "isTemplate": false,
    "count": 0,
    "lang": "en",
    "updated": 0
  },
  {
    "id": "79b6d68d-e12d-4df4-b936-5701f2507eb7",
    "data": [
      {
        "text": "101",
        "meta": "@sys.number",
        "alias": "amount",
        "userDefined": false
      }
    ],
    "isTemplate": false,
    "count": 0,
    "lang": "en",
    "updated": 0
  },
  {
    "id": "0e1f446d-5fc9-4853-baca-9996e284a7f0",
    "data": [
      {
        "text": "2",
        "userDefined": false
      }
    ],
    "isTemplate": false,
    "count": 0,
    "lang": "en",
    "updated": 0
  },
  {
    "id": "bbb4ad49-969c-4f95-8cf9-424b8b593cad",
    "data": [
      {
        "text": "different",
        "userDefined": false
      }
    ],
    "isTemplate": false,
    "count": 0,
    "lang": "en",
    "updated": 0
  }
]