[
  {
    "id": "95cab359-5f4a-41bb-b62d-854fab2fe88a",
    "data": [
      {
        "text": "current",
        "userDefined": false
      }
    ],
    "isTemplate": false,
    "count": 0,
    "lang": "en",
    "updated": 0
  },
  {
    "id": "9392ab78-766d-400d-b032-1e177d1c2ffd",
    "data": [
      {
        "text": "balance",
        "userDefined": false
      }
    ],
    "isTemplate": false,
    "count": 0,
    "lang": "en",
    "updated": 0
  },
  {
    "id": "c298fbb3-0719-44e9-9d09-6be05030ca5a",
    "data": [
      {
        "text": "1",
        "userDefined": false
      }
    ],
    "isTemplate": false,
    "count": 0,
    "lang": "en",
    "updated": 0
  }
]