[
  {
    "id": "47a2d349-0903-403e-8b35-7a3f67334bc5",
    "data": [
      {
        "text": "3",
        "userDefined": false
      }
    ],
    "isTemplate": false,
    "count": 0,
    "lang": "en",
    "updated": 0
  },
  {
    "id": "eeefb0c6-68ff-41c4-b9d1-190bb513d7b0",
    "data": [
      {
        "text": "75225",
        "meta": "@postal_entity",
        "alias": "postal",
        "userDefined": true
      }
    ],
    "isTemplate": false,
    "count": 0,
    "lang": "en",
    "updated": 0
  },
  {
    "id": "ad8fafe8-c170-4cd2-bd0a-b105f15b9758",
    "data": [
      {
        "text": "75072",
        "meta": "@postal_entity",
        "alias": "postal",
        "userDefined": false
      }
    ],
    "isTemplate": false,
    "count": 0,
    "lang": "en",
    "updated": 0
  },
  {
    "id": "b7ed0ff8-e17d-40c7-ba8a-27dc65fcf5db",
    "data": [
      {
        "text": "223",
        "meta": "@cvv_entity",
        "alias": "cvv",
        "userDefined": false
      }
    ],
    "isTemplate": false,
    "count": 0,
    "lang": "en",
    "updated": 0
  },
  {
    "id": "7fc31b1b-ca7b-48bc-a4d7-a50bf561282e",
    "data": [
      {
        "text": "123",
        "meta": "@cvv_entity",
        "alias": "cvv",
        "userDefined": false
      }
    ],
    "isTemplate": false,
    "count": 0,
    "lang": "en",
    "updated": 0
  },
  {
    "id": "135b1b2a-5355-415b-9950-d719adb1c0d7",
    "data": [
      {
        "text": "0124",
        "meta": "@expiration_entity",
        "alias": "expiration",
        "userDefined": false
      }
    ],
    "isTemplate": false,
    "count": 0,
    "lang": "en",
    "updated": 0
  },
  {
    "id": "79799273-6694-4968-88cb-65a945e5de8f",
    "data": [
      {
        "text": "1123",
        "meta": "@expiration_entity",
        "alias": "expiration",
        "userDefined": false
      }
    ],
    "isTemplate": false,
    "count": 0,
    "lang": "en",
    "updated": 0
  },
  {
    "id": "730061d4-c286-4099-89a4-d63289453a90",
    "data": [
      {
        "text": "1111 2222 3333 4444",
        "meta": "@sys.number-sequence",
        "alias": "cardNumber",
        "userDefined": true
      }
    ],
    "isTemplate": false,
    "count": 0,
    "lang": "en",
    "updated": 0
  },
  {
    "id": "f6636eaa-76ca-44b6-8233-fe7e4f808b14",
    "data": [
      {
        "text": "1111222233334444",
        "meta": "@sys.number-sequence",
        "alias": "cardNumber",
        "userDefined": false
      }
    ],
    "isTemplate": false,
    "count": 0,
    "lang": "en",
    "updated": 0
  },
  {
    "id": "cce25113-9056-4c63-bc11-42d91c1558ba",
    "data": [
      {
        "text": "new",
        "userDefined": false
      }
    ],
    "isTemplate": false,
    "count": 0,
    "lang": "en",
    "updated": 0
  }
]