[
  {
    "id": "58c20184-7842-4085-8ec2-f08122df532d",
    "data": [
      {
        "text": "exit",
        "userDefined": false
      }
    ],
    "isTemplate": false,
    "count": 0,
    "lang": "en",
    "updated": 0
  },
  {
    "id": "7a540319-e9f4-4f0a-97e6-18611947d5f1",
    "data": [
      {
        "text": "agent",
        "userDefined": false
      }
    ],
    "isTemplate": false,
    "count": 0,
    "lang": "en",
    "updated": 0
  },
  {
    "id": "47ce5b7f-412d-4328-883d-32dd2c5f9f68",
    "data": [
      {
        "text": "0",
        "userDefined": false
      }
    ],
    "isTemplate": false,
    "count": 0,
    "lang": "en",
    "updated": 0
  },
  {
    "id": "1d6b8208-42d9-4fe5-a273-5e8612cecf1b",
    "data": [
      {
        "text": "representative",
        "userDefined": false
      }
    ],
    "isTemplate": false,
    "count": 0,
    "lang": "en",
    "updated": 0
  },
  {
    "id": "0afd9f8b-c7f5-4986-ac00-655c40ceb809",
    "data": [
      {
        "text": "customer service",
        "userDefined": false
      }
    ],
    "isTemplate": false,
    "count": 0,
    "lang": "en",
    "updated": 0
  }
]