[
  {
    "id": "e3067f19-6e01-42de-8bcd-430e3665358f",
    "data": [
      {
        "text": "1111 2222 3333 4444",
        "meta": "@sys.number-sequence",
        "alias": "cardNumber",
        "userDefined": true
      }
    ],
    "isTemplate": false,
    "count": 0,
    "lang": "en",
    "updated": 0
  },
  {
    "id": "eb1aa6cc-ad70-47dc-9e12-6a40739b7ebf",
    "data": [
      {
        "text": "1234123412341234",
        "meta": "@sys.number-sequence",
        "alias": "cardNumber",
        "userDefined": false
      }
    ],
    "isTemplate": false,
    "count": 0,
    "lang": "en",
    "updated": 0
  },
  {
    "id": "be6dde65-fd81-44a0-a3d5-3200fb098acc",
    "data": [
      {
        "text": "1234",
        "meta": "@sys.number",
        "alias": "cvv",
        "userDefined": false
      }
    ],
    "isTemplate": false,
    "count": 0,
    "lang": "en",
    "updated": 0
  },
  {
    "id": "7f41e57e-6d77-411b-9393-6330f2c5f112",
    "data": [
      {
        "text": "123",
        "meta": "@sys.number",
        "alias": "cvv",
        "userDefined": false
      }
    ],
    "isTemplate": false,
    "count": 0,
    "lang": "en",
    "updated": 0
  },
  {
    "id": "593fd996-2195-46f9-864c-7a5da2d494c1",
    "data": [
      {
        "text": "75225",
        "meta": "@postal_entity",
        "alias": "postal",
        "userDefined": false
      }
    ],
    "isTemplate": false,
    "count": 0,
    "lang": "en",
    "updated": 0
  },
  {
    "id": "3b5957e4-f5a2-46c0-a212-b659ff37cef1",
    "data": [
      {
        "text": "credit",
        "userDefined": false
      }
    ],
    "isTemplate": false,
    "count": 0,
    "lang": "en",
    "updated": 0
  },
  {
    "id": "1c421c5d-0e97-42d6-bf71-05e55333a13e",
    "data": [
      {
        "text": "2",
        "userDefined": false
      }
    ],
    "isTemplate": false,
    "count": 0,
    "lang": "en",
    "updated": 0
  },
  {
    "id": "62e99fba-d2de-42b6-944a-b5ba26e94637",
    "data": [
      {
        "text": "0523",
        "meta": "@expiration_entity",
        "alias": "expiration",
        "userDefined": false
      }
    ],
    "isTemplate": false,
    "count": 0,
    "lang": "en",
    "updated": 0
  },
  {
    "id": "d408178d-cc2c-4c11-8132-f59e32d1ff11",
    "data": [
      {
        "text": "1123",
        "meta": "@expiration_entity",
        "alias": "expiration",
        "userDefined": false
      }
    ],
    "isTemplate": false,
    "count": 0,
    "lang": "en",
    "updated": 0
  }
]