[
  {
    "id": "dcf43ceb-3967-41f5-a39d-d1491a6b1852",
    "data": [
      {
        "text": "1",
        "userDefined": false
      }
    ],
    "isTemplate": false,
    "count": 0,
    "lang": "en",
    "updated": 0
  },
  {
    "id": "b6f8b9c6-00d1-4053-a7ab-cbd47bd25606",
    "data": [
      {
        "text": "balance",
        "userDefined": false
      }
    ],
    "isTemplate": false,
    "count": 0,
    "lang": "en",
    "updated": 0
  },
  {
    "id": "89cc080c-162b-4ea8-8b4f-20c4393aeaa0",
    "data": [
      {
        "text": "current",
        "userDefined": false
      }
    ],
    "isTemplate": false,
    "count": 0,
    "lang": "en",
    "updated": 0
  }
]