[
  {
    "id": "50f62fa2-656b-45be-bf30-dacc6c10fb47",
    "data": [
      {
        "text": "111999659",
        "meta": "@sys.number-sequence",
        "alias": "checkingNumber",
        "userDefined": false
      }
    ],
    "isTemplate": false,
    "count": 0,
    "lang": "en",
    "updated": 0
  },
  {
    "id": "cc808401-95e3-4971-a683-eca3bdd8a87c",
    "data": [
      {
        "text": "234555666",
        "meta": "@sys.number-sequence",
        "alias": "routingNumber",
        "userDefined": true
      }
    ],
    "isTemplate": false,
    "count": 0,
    "lang": "en",
    "updated": 0
  },
  {
    "id": "00141f45-fff2-4ff7-a13a-c3b9a43bdc63",
    "data": [
      {
        "text": "checking",
        "userDefined": false
      }
    ],
    "isTemplate": false,
    "count": 0,
    "lang": "en",
    "updated": 0
  },
  {
    "id": "45c3e4df-5847-41f9-a977-b8cee7698afb",
    "data": [
      {
        "text": "1",
        "userDefined": false
      }
    ],
    "isTemplate": false,
    "count": 0,
    "lang": "en",
    "updated": 0
  }
]