[
  {
    "id": "7959de1b-448e-4f0f-82f2-1802ba69a402",
    "data": [
      {
        "text": "I don\u0027t need any more help",
        "userDefined": false
      }
    ],
    "isTemplate": false,
    "count": 0,
    "lang": "en",
    "updated": 0
  },
  {
    "id": "60f32bcf-ecad-49e5-9378-1ade03fb2f0f",
    "data": [
      {
        "text": "I\u0027m all set",
        "userDefined": false
      }
    ],
    "isTemplate": false,
    "count": 0,
    "lang": "en",
    "updated": 0
  },
  {
    "id": "21ab9484-8241-4b80-929c-0ad2efb10caf",
    "data": [
      {
        "text": "I am all finished.",
        "userDefined": false
      }
    ],
    "isTemplate": false,
    "count": 0,
    "lang": "en",
    "updated": 0
  }
]